{"cameraMode":{"drawMode":0,"name":"Shaded","section":"Shading Mode"},"sceneLighting":true,"audioPlay":false,"sceneViewState":{"showFog":true,"showMaterialUpdate":false,"showSkybox":true,"showFlares":true,"showImageEffects":true,"showParticleSystems":true},"in2DMode":false,"pivot":{"x":26.467498779296876,"y":1.115049123764038,"z":16.299999237060548},"rotation":{"x":0.008980311453342438,"y":-0.9804141521453857,"z":0.04603153094649315,"w":0.19128157198429109},"size":2.405940532684326,"orthographic":false}