{"cameraMode":{"drawMode":0,"name":"Shaded","section":"Shading Mode"},"sceneLighting":true,"audioPlay":false,"sceneViewState":{"showFog":true,"showMaterialUpdate":true,"showSkybox":true,"showFlares":true,"showImageEffects":true,"showParticleSystems":true},"in2DMode":false,"pivot":{"x":0.07508280873298645,"y":3.2446296215057375,"z":0.033946841955184939},"rotation":{"x":-0.0366436168551445,"y":-0.7084047198295593,"z":0.03686051070690155,"w":-0.7038902044296265},"size":9.558427810668946,"orthographic":true}