{"cameraMode":{"drawMode":0,"name":"Shaded","section":"Shading Mode"},"sceneLighting":true,"audioPlay":false,"sceneViewState":{"showFog":true,"showMaterialUpdate":false,"showSkybox":true,"showFlares":true,"showImageEffects":true,"showParticleSystems":true},"in2DMode":false,"pivot":{"x":1.6109387874603272,"y":-0.5699833035469055,"z":-3.0504941940307619},"rotation":{"x":-0.17893455922603608,"y":-0.6452240347862244,"z":0.1591365933418274,"w":-0.7254956364631653},"size":6.799491882324219,"orthographic":false}