{"cameraMode":{"drawMode":0,"name":"Shaded","section":"Shading Mode"},"sceneLighting":true,"audioPlay":false,"sceneViewState":{"showFog":true,"showMaterialUpdate":false,"showSkybox":true,"showFlares":true,"showImageEffects":true,"showParticleSystems":true},"in2DMode":false,"pivot":{"x":34.337371826171878,"y":5.257094860076904,"z":7.975931167602539},"rotation":{"x":0.043362267315387729,"y":-0.5776984095573425,"z":-0.030755605548620225,"w":-0.8145173192024231},"size":11.436458587646485,"orthographic":false}