{"cameraMode":{"drawMode":0,"name":"Shaded","section":"Shading Mode"},"sceneLighting":false,"audioPlay":false,"sceneViewState":{"showFog":true,"showMaterialUpdate":false,"showSkybox":false,"showFlares":true,"showImageEffects":true,"showParticleSystems":true},"in2DMode":false,"pivot":{"x":28.672054290771486,"y":1.118630290031433,"z":19.06538200378418},"rotation":{"x":0.20418177545070649,"y":-0.41233494877815249,"z":0.09537753462791443,"w":0.882719099521637},"size":0.6609988808631897,"orthographic":false}