{"cameraMode":{"drawMode":0,"name":"Shaded","section":"Shading Mode"},"sceneLighting":true,"audioPlay":false,"sceneViewState":{"showFog":true,"showMaterialUpdate":false,"showSkybox":true,"showFlares":true,"showImageEffects":true,"showParticleSystems":true},"in2DMode":false,"pivot":{"x":26.987760543823243,"y":1.580528736114502,"z":16.851491928100587},"rotation":{"x":0.021156910806894304,"y":-0.6884294748306274,"z":-0.02009887993335724,"w":-0.724716067314148},"size":2.67476224899292,"orthographic":false}