{"cameraMode":{"drawMode":0,"name":"Shaded","section":"Shading Mode"},"sceneLighting":false,"audioPlay":false,"sceneViewState":{"showFog":true,"showMaterialUpdate":false,"showSkybox":false,"showFlares":true,"showImageEffects":true,"showParticleSystems":true},"in2DMode":false,"pivot":{"x":28.16546630859375,"y":1.024592399597168,"z":13.381500244140625},"rotation":{"x":-0.04581239074468613,"y":-0.7107508182525635,"z":0.0464874692261219,"w":-0.700409471988678},"size":30.045623779296876,"orthographic":false}