{"cameraMode":{"drawMode":0,"name":"Shaded","section":"Shading Mode"},"sceneLighting":false,"audioPlay":false,"sceneViewState":{"showFog":true,"showMaterialUpdate":false,"showSkybox":false,"showFlares":true,"showImageEffects":true,"showParticleSystems":true},"in2DMode":false,"pivot":{"x":-1.4690768718719483,"y":1.4425143003463746,"z":-3.522697687149048},"rotation":{"x":0.0547511950135231,"y":-0.6735312938690186,"z":0.05014350637793541,"w":0.7354207038879395},"size":2.541658639907837,"orthographic":false}