{"cameraMode":{"drawMode":0,"name":"Shaded","section":"Shading Mode"},"sceneLighting":false,"audioPlay":false,"sceneViewState":{"showFog":true,"showMaterialUpdate":false,"showSkybox":false,"showFlares":true,"showImageEffects":true,"showParticleSystems":true},"in2DMode":false,"pivot":{"x":-0.29912593960762026,"y":-0.2028612494468689,"z":0.3019881546497345},"rotation":{"x":0.21736131608486176,"y":-0.6234670281410217,"z":0.18626224994659425,"w":0.7275639772415161},"size":0.803372323513031,"orthographic":false}