{"cameraMode":{"drawMode":0,"name":"Shaded","section":"Shading Mode"},"sceneLighting":false,"audioPlay":false,"sceneViewState":{"showFog":true,"showMaterialUpdate":false,"showSkybox":false,"showFlares":true,"showImageEffects":true,"showParticleSystems":true},"in2DMode":false,"pivot":{"x":-0.05075458064675331,"y":-0.07436978816986084,"z":0.2622947692871094},"rotation":{"x":0.2711532711982727,"y":-0.5721027851104736,"z":0.20806404948234559,"w":0.7455761432647705},"size":0.44671839475631716,"orthographic":false}