{"cameraMode":{"drawMode":0,"name":"Shaded","section":"Shading Mode"},"sceneLighting":true,"audioPlay":false,"sceneViewState":{"showFog":true,"showMaterialUpdate":false,"showSkybox":true,"showFlares":true,"showImageEffects":true,"showParticleSystems":true},"in2DMode":false,"pivot":{"x":31.025856018066408,"y":1.0901336669921876,"z":14.643855094909668},"rotation":{"x":0.060483772307634357,"y":0.6322739124298096,"z":-0.04961452633142471,"w":0.7707852721214294},"size":5.817663669586182,"orthographic":false}