{"cameraMode":{"drawMode":0,"name":"Shaded","section":"Shading Mode"},"sceneLighting":false,"audioPlay":false,"sceneViewState":{"showFog":true,"showMaterialUpdate":false,"showSkybox":false,"showFlares":true,"showImageEffects":true,"showParticleSystems":true},"in2DMode":false,"pivot":{"x":-0.07848997414112091,"y":-0.0920175239443779,"z":0.2231276035308838},"rotation":{"x":0.14185574650764466,"y":0.41310372948646548,"z":-0.06531582027673722,"w":0.8971934914588928},"size":0.5772529244422913,"orthographic":false}