{"cameraMode":{"drawMode":0,"name":"Shaded","section":"Shading Mode"},"sceneLighting":true,"audioPlay":false,"sceneViewState":{"showFog":true,"showMaterialUpdate":false,"showSkybox":true,"showFlares":true,"showImageEffects":true,"showParticleSystems":true},"in2DMode":false,"pivot":{"x":28.85675621032715,"y":1.429352045059204,"z":11.109031677246094},"rotation":{"x":0.1561489701271057,"y":0.34273794293403628,"z":-0.05788521096110344,"w":0.9245525598526001},"size":1.9047119617462159,"orthographic":false}