{"cameraMode":{"drawMode":0,"name":"Shaded","section":"Shading Mode"},"sceneLighting":false,"audioPlay":false,"sceneViewState":{"showFog":true,"showMaterialUpdate":false,"showSkybox":false,"showFlares":true,"showImageEffects":true,"showParticleSystems":true},"in2DMode":false,"pivot":{"x":0.0,"y":-5.960464477539063e-8,"z":0.0713510513305664},"rotation":{"x":-0.13393236696720124,"y":-0.34377261996269228,"z":0.04960669204592705,"w":-0.9281280636787415},"size":2.743360757827759,"orthographic":false}