{"cameraMode":{"drawMode":0,"name":"Shaded","section":"Shading Mode"},"sceneLighting":false,"audioPlay":false,"sceneViewState":{"showFog":true,"showMaterialUpdate":false,"showSkybox":false,"showFlares":true,"showImageEffects":true,"showParticleSystems":true},"in2DMode":false,"pivot":{"x":30.721263885498048,"y":0.9984124898910523,"z":19.28801727294922},"rotation":{"x":0.40166372060775759,"y":0.07496286183595658,"z":-0.03301069512963295,"w":0.9121168851852417},"size":1.0229660272598267,"orthographic":false}