{"cameraMode":{"drawMode":0,"name":"Shaded","section":"Shading Mode"},"sceneLighting":false,"audioPlay":false,"sceneViewState":{"showFog":true,"showMaterialUpdate":false,"showSkybox":false,"showFlares":true,"showImageEffects":true,"showParticleSystems":true},"in2DMode":false,"pivot":{"x":-0.1180187463760376,"y":-0.10303470492362976,"z":0.287981241941452},"rotation":{"x":0.23537054657936097,"y":-0.7180296778678894,"z":0.28704991936683657,"w":0.5887584090232849},"size":1.3467183113098145,"orthographic":false}