{"cameraMode":{"drawMode":0,"name":"Shaded","section":"Shading Mode"},"sceneLighting":true,"audioPlay":false,"sceneViewState":{"showFog":true,"showMaterialUpdate":false,"showSkybox":true,"showFlares":true,"showImageEffects":true,"showParticleSystems":true},"in2DMode":false,"pivot":{"x":1053.03271484375,"y":547.3673706054688,"z":33.125022888183597},"rotation":{"x":-0.0966380387544632,"y":0.021986374631524087,"z":-0.0021358015947043897,"w":-0.995074450969696},"size":397.6190490722656,"orthographic":false}